[
  {
    "ID": "1904241118",
    "ProjectName": "SBI - One RMS",
    "DeveloperName": "Bhuwan Sharma",
    "Version": "V1.0.0.2",
    "Date": "24-04-2019 11:18:05",
    "Discription": "<pre> project start ,     \r\n1. design updated      \r\n2. security point applied      \r\n3. stored processor updated     \r\n4. web service updated      \r\n5. website published on cloud server : 49.50.69.79  \r\n  \r\n   website link :- http://49.50.69.79/SBIOneRMS/</pre>"
  },
  {
    "ID": "1904241124",
    "ProjectName": "SBI - One RMS (Updated )",
    "DeveloperName": "Bhuwan Sharma",
    "Version": "V1.0.0.2",
    "Date": "24-04-2019 11:24:54",
    "Discription": "<pre>1. Ticket Management System Created,\r\n2. web service updated \r\n3. Ticket Table Created in database </pre>"
  },
  {
    "ID": "1904241152",
    "ProjectName": "SBI-One Rms (Service)",
    "DeveloperName": "Bhuwan sharma",
    "Version": "V2",
    "Date": "24-04-2019 11:52:35",
    "Discription": "<pre>1. Make copy \r\n2. write logs of health and transactions \r\n   folder format of logs : \r\n        ---> SBI Folder\r\n             ---> Client Logs\r\n                    ----> Kiosk IP Folder\r\n                          ---> Heath data folder\r\n                          ---> Txn data folder </pre>"
  },
  {
    "ID": "1904261256",
    "ProjectName": "SBI - One RMS (Server Details)",
    "DeveloperName": "Bhuwan Sharma",
    "Version": "----------",
    "Date": "26-04-2019 12:56:48",
    "Discription": "<pre>Cloud Server \r\nPrimary IP Address :49.50.69.79\r\nRDP Port No : 9007\r\n\r\nServer Username : administrator \r\nServer Password : fd4CD#23S@2x</pre>"
  },
  {
    "ID": "1905241841",
    "ProjectName": "SBI - One RMS  (Version Updated)",
    "DeveloperName": "Bhuwan Sharma",
    "Version": "V1.0.0.3",
    "Date": "24-05-2019 18:41:17",
    "Discription": "<pre>1. CMS Integration for ticket management .\r\n2. design updated - ticket management \r\n3. RMS Updated - logic for Issue Submit + CMS Integration + Ticket data update in database \r\n\r\nIssue Resolved :  (by sid)\r\nThe observation points of one RMS website that need to be resolved are as follows:\r\n\r\n\r\n1) When 2 users are logged into the website at same PC, and any one user's page is refreshed, then the other user's page is visible at that page. (Open) \r\n\r\n\r\n2) At dashboard, disconnected machines are visible in % but connected machines are not shown like that. (Open) -- done\r\n\r\n3) Multiple entries are showing for same IP after multiple transactions. (Open) --done\r\n\r\n4) Unable to scroll down properly when additional options given for the administrator are opened. (Open) --done\r\n\r\n5) Unable to verify the changes made to a user as it is visible in encrypted form at website too.  (Open) --done\r\n\r\n6) Once a user is created, unable to delete it. No option given to remove a user. (Open) --done\r\n\r\n7) Restart &  Shutdown command given at the website are not working. \r\n\r\n8) Previous day's transactions not visible at the website as well as DB.  (Open) --done\r\n\r\nsummery : \r\n1. issue submit by Employee/user and get ticket number from CMS Service , then service send ticket no list to CMS Service and get ticket status and show on ticket management page .   \r\n\r\n  </pre>"
  },
  {
    "ID": "1905291941",
    "ProjectName": "SBI - One RMS (Updated)",
    "DeveloperName": "Bhuwan Sharma",
    "Version": "V1.0.0.3",
    "Date": "29-05-2019 19:41:28",
    "Discription": "<pre>Grouping of Machines should be on LHO or configurable basis and as information available in Bank Branch Master\r\n·         All Icons should have associated Text\r\n·         Dynamic filter option on dashboard also\r\n·         Meaning of color coding in transaction details in Dashboard\r\n·         Kiosk Detailed information along with Printer Statistics information should be configurable and configured on Role basis\r\nCreate Json files and configure printer statistics according to user roles </pre>"
  },
  {
    "ID": "1906051703",
    "ProjectName": "SBI - One RMS (Updated)",
    "DeveloperName": "Bhuwan Sharma",
    "Version": "V1.0.0.3",
    "Date": "05-06-2019 17:03:07",
    "Discription": "<pre>make copy of dashboard ,\r\n1. make setting / configuration page - (Admin can change printer statistic visibility according to user role   user ) \r\n2. setting.json file \r\n\r\n (Note:Dashboard v3.1 is for SBI RMS and Dashboard v3.1_current for ONE RMS(PB).  \r\n handle both dashboard  ) \r\n\r\n</pre>"
  },
  {
    "ID": "1906131415",
    "ProjectName": "SBI-ONE RMS (Updated)",
    "DeveloperName": "Bhuwan Sharma",
    "Version": "V1.0.0.3",
    "Date": "13-06-2019 14:15:19",
    "Discription": "<pre>1.make mobile responsive .\r\n2. resolve session time out issue .\r\n3. resolve admin tool  panel issue .\r\n\r\n (Note:Dashboard v3.1 is for SBI One RMS and Dashboard v3.1_LHO for ONE RMS(PB).  \r\n handle both dashboard  ) </pre>"
  },
  {
    "ID": "1906261635",
    "ProjectName": "SBI - One RMS (Updated)",
    "DeveloperName": "Bhuwan Sharma",
    "Version": "V1.0.0.4",
    "Date": "26-06-2019 16:35:32",
    "Discription": "<pre>Design level updates : \r\n1. speed optimization \r\n2. client side design generate \r\n3. share bank details from rms side - database updated\r\n4. make changes according to banks requirements :    a) show summery on dashboard ,\r\n     b) show Application status , Antivirus status , printer ink level status on dashboard,  \r\n     c) LHO List update . </pre>"
  },
  {
    "ID": "1907041657",
    "ProjectName": "SBI One RMS (Version Updated)",
    "DeveloperName": "Bhuwan Sharma",
    "Version": "V1.0.0.5",
    "Date": "04-07-2019 16:57:58",
    "Discription": "<pre>1. Auto call Logging and auto call closed Process  \r\n    Done \r\n2. manual call logging process \r\n3. Changes in Ticket generated process (generate Random ticket number from RMS side ) \r\n4. CRM Process change. (only send data , restrict for receive any response )   \r\n5. Auto call logging process developed in Stored processor side .               </pre>"
  }
]