[
  {
    "ID": "1904241118",
    "ProjectName": "SBI - One RMS",
    "DeveloperName": "Bhuwan Sharma",
    "Version": "V1.0.0.2",
    "Date": "24-04-2019 11:18:05",
    "Discription": "<pre> project start ,     \r\n1. design updated      \r\n2. security point applied      \r\n3. stored processor updated     \r\n4. web service updated      \r\n5. website published on cloud server : 49.50.69.79  \r\n  \r\n   website link :- http://49.50.69.79/SBIOneRMS/</pre>"
  },
  {
    "ID": "1904241124",
    "ProjectName": "SBI - One RMS (Updated )",
    "DeveloperName": "Bhuwan Sharma",
    "Version": "V1.0.0.2",
    "Date": "24-04-2019 11:24:54",
    "Discription": "<pre>1. Ticket Management System Created,\r\n2. web service updated \r\n3. Ticket Table Created in database </pre>"
  },
  {
    "ID": "1904241152",
    "ProjectName": "SBI-One Rms (Service)",
    "DeveloperName": "Bhuwan sharma",
    "Version": "V2",
    "Date": "24-04-2019 11:52:35",
    "Discription": "<pre>1. Make copy \r\n2. write logs of health and transactions \r\n   folder format of logs : \r\n        ---> SBI Folder\r\n             ---> Client Logs\r\n                    ----> Kiosk IP Folder\r\n                          ---> Heath data folder\r\n                          ---> Txn data folder </pre>"
  }
]